<metadata xml:lang="en"><Esri><CreaDate>20221213</CreaDate><CreaTime>12591300</CreaTime><ArcGISFormat>1.0</ArcGISFormat><SyncOnce>FALSE</SyncOnce><DataProperties><itemProps><itemName Sync="TRUE">wc</itemName><imsContentType Sync="TRUE">002</imsContentType><itemLocation><linkage Sync="TRUE">file://\\ENTERPRISE\C$\Users\serpe\Projects\world-cup-players\wc.shp</linkage><protocol Sync="TRUE">Local Area Network</protocol></itemLocation><itemSize Sync="TRUE">0.000</itemSize></itemProps><coordRef><type Sync="TRUE">Geographic</type><geogcsn Sync="TRUE">GCS_WGS_1984</geogcsn><csUnits Sync="TRUE">Angular Unit: Degree (0.017453)</csUnits><peXml Sync="TRUE">&lt;GeographicCoordinateSystem xsi:type='typens:GeographicCoordinateSystem' xmlns:xsi='http://www.w3.org/2001/XMLSchema-instance' xmlns:xs='http://www.w3.org/2001/XMLSchema' xmlns:typens='http://www.esri.com/schemas/ArcGIS/3.0.0'&gt;&lt;WKT&gt;GEOGCS[&amp;quot;GCS_WGS_1984&amp;quot;,DATUM[&amp;quot;D_WGS_1984&amp;quot;,SPHEROID[&amp;quot;WGS_1984&amp;quot;,6378137.0,298.257223563]],PRIMEM[&amp;quot;Greenwich&amp;quot;,0.0],UNIT[&amp;quot;Degree&amp;quot;,0.0174532925199433],AUTHORITY[&amp;quot;EPSG&amp;quot;,4326]]&lt;/WKT&gt;&lt;XOrigin&gt;-400&lt;/XOrigin&gt;&lt;YOrigin&gt;-400&lt;/YOrigin&gt;&lt;XYScale&gt;11258999068426.238&lt;/XYScale&gt;&lt;ZOrigin&gt;-100000&lt;/ZOrigin&gt;&lt;ZScale&gt;10000&lt;/ZScale&gt;&lt;MOrigin&gt;-100000&lt;/MOrigin&gt;&lt;MScale&gt;10000&lt;/MScale&gt;&lt;XYTolerance&gt;8.983152841195215e-09&lt;/XYTolerance&gt;&lt;ZTolerance&gt;0.001&lt;/ZTolerance&gt;&lt;MTolerance&gt;0.001&lt;/MTolerance&gt;&lt;HighPrecision&gt;true&lt;/HighPrecision&gt;&lt;LeftLongitude&gt;-180&lt;/LeftLongitude&gt;&lt;WKID&gt;4326&lt;/WKID&gt;&lt;LatestWKID&gt;4326&lt;/LatestWKID&gt;&lt;/GeographicCoordinateSystem&gt;</peXml></coordRef><lineage><Process ToolSource="e:\arcgis\Resources\ArcToolbox\toolboxes\Data Management Tools.tbx\Merge" Date="20221213" Time="125913">Merge World_Countries__Generalized_;gadm36_GBR_1 C:\Users\serpe\Documents\ArcGIS\Projects\WC\WC.gdb\WCSHP "FID_1 "FID_1" true true false 3 Short 0 3,First,#,World_Countries__Generalized_,FID_1,-1,-1;COUNTRY "COUNTRY" true true false 40 Text 0 0,First,#,World_Countries__Generalized_,COUNTRY,0,40;ISO "ISO" true true false 2 Text 0 0,First,#,World_Countries__Generalized_,ISO,0,2;COUNTRYAFF "COUNTRYAFF" true true false 38 Text 0 0,First,#,World_Countries__Generalized_,COUNTRYAFF,0,38;AFF_ISO "AFF_ISO" true true false 2 Text 0 0,First,#,World_Countries__Generalized_,AFF_ISO,0,2;SHAPE_Leng "SHAPE_Leng" true true false 24 Double 15 23,First,#,World_Countries__Generalized_,SHAPE_Leng,-1,-1;SHAPE_Area "SHAPE_Area" true true false 24 Double 15 23,First,#,World_Countries__Generalized_,SHAPE_Area,-1,-1;GID_0 "GID_0" true true false 80 Text 0 0,First,#,gadm36_GBR_1,GID_0,0,80;NAME_0 "NAME_0" true true false 80 Text 0 0,First,#,gadm36_GBR_1,NAME_0,0,80;GID_1 "GID_1" true true false 80 Text 0 0,First,#,gadm36_GBR_1,GID_1,0,80;NAME_1 "NAME_1" true true false 80 Text 0 0,First,#,gadm36_GBR_1,NAME_1,0,80;VARNAME_1 "VARNAME_1" true true false 80 Text 0 0,First,#,gadm36_GBR_1,VARNAME_1,0,80;TYPE_1 "TYPE_1" true true false 80 Text 0 0,First,#,gadm36_GBR_1,TYPE_1,0,80;ENGTYPE_1 "ENGTYPE_1" true true false 80 Text 0 0,First,#,gadm36_GBR_1,ENGTYPE_1,0,80" NO_SOURCE_INFO</Process><Process ToolSource="e:\arcgis\Resources\ArcToolbox\toolboxes\Conversion Tools.tbx\ExportFeatures" Date="20221214" Time="000733">ExportFeatures WCSHP C:\Users\serpe\Projects\world-cup-players\wc.shp # NOT_USE_ALIAS "FID_1 "FID_1" true true false 2 Short 0 0,First,#,WCSHP,WCSHP.FID_1,-1,-1;COUNTRY "COUNTRY" true true false 40 Text 0 0,First,#,WCSHP,WCSHP.COUNTRY,0,40;ISO "ISO" true true false 2 Text 0 0,First,#,WCSHP,WCSHP.ISO,0,2;COUNTRYAFF "COUNTRYAFF" true true false 38 Text 0 0,First,#,WCSHP,WCSHP.COUNTRYAFF,0,38;AFF_ISO "AFF_ISO" true true false 2 Text 0 0,First,#,WCSHP,WCSHP.AFF_ISO,0,2;SHAPE_Leng "SHAPE_Leng" true true false 8 Double 0 0,First,#,WCSHP,WCSHP.SHAPE_Leng,-1,-1;Shape_Length "Shape_Length" false true true 8 Double 0 0,First,#,WCSHP,WCSHP.Shape_Length,-1,-1;Shape_Area "Shape_Area" false true true 8 Double 0 0,First,#,WCSHP,WCSHP.Shape_Area,-1,-1;COUNTRY "COUNTRY" true true false 8000 Text 0 0,First,#,WCSHP,World Cup Country Statistics.csv.COUNTRY,0,8000;OBJECTID "OBJECTID" true true false 4 Long 0 0,First,#,WCSHP,World Cup Country Statistics.csv.OBJECTID,-1,-1;COUNTRY_1 "COUNTRY_1" true true false 8000 Text 0 0,First,#,WCSHP,World Cup Country Statistics.csv.COUNTRY_1,0,8000;FREQUENCY "FREQUENCY" true true false 8 Double 0 0,First,#,WCSHP,World Cup Country Statistics.csv.FREQUENCY,-1,-1;COUNT_COUN "COUNT_COUN" true true false 8 Double 0 0,First,#,WCSHP,World Cup Country Statistics.csv.COUNT_COUN,-1,-1;BORN_IN_VS_NAT "BORN_IN_VS_NAT" true true false 8 Double 0 0,First,#,WCSHP,World Cup Country Statistics.csv.BORN_IN_VS_NAT,-1,-1;TOT_WC_PCTG "TOT_WC_PCTG" true true false 8 Double 0 0,First,#,WCSHP,World Cup Country Statistics.csv.TOT_WC_PCTG,-1,-1;PLAY_FOR_BIRTH "PLAY_FOR_BIRTH" true true false 8 Double 0 0,First,#,WCSHP,World Cup Country Statistics.csv.PLAY_FOR_BIRTH,-1,-1;PFB_NAT_PCTG "PFB_NAT_PCTG" true true false 8 Double 0 0,First,#,WCSHP,World Cup Country Statistics.csv.PFB_NAT_PCTG,-1,-1" #</Process></lineage></DataProperties><SyncDate>20221214</SyncDate><SyncTime>00073300</SyncTime><ModDate>20221214</ModDate><ModTime>00073300</ModTime></Esri><dataIdInfo><envirDesc Sync="TRUE">Microsoft Windows 10 Version 10.0 (Build 19045) ; Esri ArcGIS 13.0.0.36056</envirDesc><dataLang><languageCode value="eng" Sync="TRUE"></languageCode><countryCode value="USA" Sync="TRUE"></countryCode></dataLang><idCitation><resTitle Sync="TRUE">wc</resTitle><presForm><PresFormCd value="005" Sync="TRUE"></PresFormCd></presForm></idCitation><spatRpType><SpatRepTypCd value="001" Sync="TRUE"></SpatRepTypCd></spatRpType></dataIdInfo><mdLang><languageCode value="eng" Sync="TRUE"></languageCode><countryCode value="USA" Sync="TRUE"></countryCode></mdLang><distInfo><distFormat><formatName Sync="TRUE">Shapefile</formatName></distFormat><distTranOps><transSize Sync="TRUE">0.000</transSize></distTranOps></distInfo><mdHrLv><ScopeCd value="005" Sync="TRUE"></ScopeCd></mdHrLv><mdHrLvName Sync="TRUE">dataset</mdHrLvName><refSysInfo><RefSystem><refSysID><identCode code="4326" Sync="TRUE"></identCode><idCodeSpace Sync="TRUE">EPSG</idCodeSpace><idVersion Sync="TRUE">6.2(3.0.1)</idVersion></refSysID></RefSystem></refSysInfo><spatRepInfo><VectSpatRep><geometObjs Name="wc"><geoObjTyp><GeoObjTypCd value="002" Sync="TRUE"></GeoObjTypCd></geoObjTyp><geoObjCnt Sync="TRUE">0</geoObjCnt></geometObjs><topLvl><TopoLevCd value="001" Sync="TRUE"></TopoLevCd></topLvl></VectSpatRep></spatRepInfo><spdoinfo><ptvctinf><esriterm Name="wc"><efeatyp Sync="TRUE">Simple</efeatyp><efeageom code="4" Sync="TRUE"></efeageom><esritopo Sync="TRUE">FALSE</esritopo><efeacnt Sync="TRUE">0</efeacnt><spindex Sync="TRUE">FALSE</spindex><linrefer Sync="TRUE">FALSE</linrefer></esriterm></ptvctinf></spdoinfo><eainfo><detailed Name="wc"><enttyp><enttypl Sync="TRUE">wc</enttypl><enttypt Sync="TRUE">Feature Class</enttypt><enttypc Sync="TRUE">0</enttypc></enttyp><attr><attrlabl Sync="TRUE">FID</attrlabl><attalias Sync="TRUE">FID</attalias><attrtype Sync="TRUE">OID</attrtype><attwidth Sync="TRUE">4</attwidth><atprecis Sync="TRUE">0</atprecis><attscale Sync="TRUE">0</attscale><attrdef Sync="TRUE">Internal feature number.</attrdef><attrdefs Sync="TRUE">Esri</attrdefs><attrdomv><udom Sync="TRUE">Sequential unique whole numbers that are automatically generated.</udom></attrdomv></attr><attr><attrlabl Sync="TRUE">OBJECTID</attrlabl><attalias Sync="TRUE">OBJECTID</attalias><attrtype Sync="TRUE">Integer</attrtype><attwidth Sync="TRUE">10</attwidth><atprecis Sync="TRUE">10</atprecis><attscale Sync="TRUE">0</attscale><attrdef Sync="TRUE">Internal feature number.</attrdef><attrdefs Sync="TRUE">Esri</attrdefs><attrdomv><udom Sync="TRUE">Sequential unique whole numbers that are automatically generated.</udom></attrdomv></attr><attr><attrlabl Sync="TRUE">Shape</attrlabl><attalias Sync="TRUE">Shape</attalias><attrtype Sync="TRUE">Geometry</attrtype><attwidth Sync="TRUE">0</attwidth><atprecis Sync="TRUE">0</atprecis><attscale Sync="TRUE">0</attscale><attrdef Sync="TRUE">Feature geometry.</attrdef><attrdefs Sync="TRUE">Esri</attrdefs><attrdomv><udom Sync="TRUE">Coordinates defining the features.</udom></attrdomv></attr><attr><attrlabl Sync="TRUE">FID_1</attrlabl><attalias Sync="TRUE">FID_1</attalias><attrtype Sync="TRUE">Integer</attrtype><attwidth Sync="TRUE">5</attwidth><atprecis Sync="TRUE">5</atprecis><attscale Sync="TRUE">0</attscale></attr><attr><attrlabl Sync="TRUE">COUNTRY</attrlabl><attalias Sync="TRUE">COUNTRY</attalias><attrtype Sync="TRUE">String</attrtype><attwidth Sync="TRUE">40</attwidth><atprecis Sync="TRUE">0</atprecis><attscale Sync="TRUE">0</attscale></attr><attr><attrlabl Sync="TRUE">ISO</attrlabl><attalias Sync="TRUE">ISO</attalias><attrtype Sync="TRUE">String</attrtype><attwidth Sync="TRUE">2</attwidth><atprecis Sync="TRUE">0</atprecis><attscale Sync="TRUE">0</attscale></attr><attr><attrlabl Sync="TRUE">COUNTRYAFF</attrlabl><attalias Sync="TRUE">COUNTRYAFF</attalias><attrtype Sync="TRUE">String</attrtype><attwidth Sync="TRUE">38</attwidth><atprecis Sync="TRUE">0</atprecis><attscale Sync="TRUE">0</attscale></attr><attr><attrlabl Sync="TRUE">AFF_ISO</attrlabl><attalias Sync="TRUE">AFF_ISO</attalias><attrtype Sync="TRUE">String</attrtype><attwidth Sync="TRUE">2</attwidth><atprecis Sync="TRUE">0</atprecis><attscale Sync="TRUE">0</attscale></attr><attr><attrlabl Sync="TRUE">Shape_Le_1</attrlabl><attalias Sync="TRUE">Shape_Le_1</attalias><attrtype Sync="TRUE">Double</attrtype><attwidth Sync="TRUE">19</attwidth><atprecis Sync="TRUE">0</atprecis><attscale Sync="TRUE">0</attscale></attr><attr><attrlabl Sync="TRUE">SHAPE_Leng</attrlabl><attalias Sync="TRUE">SHAPE_Leng</attalias><attrtype Sync="TRUE">Double</attrtype><attwidth Sync="TRUE">19</attwidth><atprecis Sync="TRUE">0</atprecis><attscale Sync="TRUE">0</attscale></attr><attr><attrlabl Sync="TRUE">COUNTRY_1</attrlabl><attalias Sync="TRUE">COUNTRY_1</attalias><attrtype Sync="TRUE">String</attrtype><attwidth Sync="TRUE">254</attwidth><atprecis Sync="TRUE">0</atprecis><attscale Sync="TRUE">0</attscale></attr><attr><attrlabl Sync="TRUE">Shape_Area</attrlabl><attalias Sync="TRUE">Shape_Area</attalias><attrtype Sync="TRUE">Double</attrtype><attwidth Sync="TRUE">19</attwidth><atprecis Sync="TRUE">0</atprecis><attscale Sync="TRUE">0</attscale><attrdef Sync="TRUE">Area of feature in internal units squared.</attrdef><attrdefs Sync="TRUE">Esri</attrdefs><attrdomv><udom Sync="TRUE">Positive real numbers that are automatically generated.</udom></attrdomv></attr><attr><attrlabl Sync="TRUE">COUNTRY_12</attrlabl><attalias Sync="TRUE">COUNTRY_12</attalias><attrtype Sync="TRUE">String</attrtype><attwidth Sync="TRUE">254</attwidth><atprecis Sync="TRUE">0</atprecis><attscale Sync="TRUE">0</attscale></attr><attr><attrlabl Sync="TRUE">FREQUENCY</attrlabl><attalias Sync="TRUE">FREQUENCY</attalias><attrtype Sync="TRUE">Double</attrtype><attwidth Sync="TRUE">19</attwidth><atprecis Sync="TRUE">0</atprecis><attscale Sync="TRUE">0</attscale></attr><attr><attrlabl Sync="TRUE">COUNT_COUN</attrlabl><attalias Sync="TRUE">COUNT_COUN</attalias><attrtype Sync="TRUE">Double</attrtype><attwidth Sync="TRUE">19</attwidth><atprecis Sync="TRUE">0</atprecis><attscale Sync="TRUE">0</attscale></attr><attr><attrlabl Sync="TRUE">BORN_IN_VS</attrlabl><attalias Sync="TRUE">BORN_IN_VS</attalias><attrtype Sync="TRUE">Double</attrtype><attwidth Sync="TRUE">19</attwidth><atprecis Sync="TRUE">0</atprecis><attscale Sync="TRUE">0</attscale></attr><attr><attrlabl Sync="TRUE">TOT_WC_PCT</attrlabl><attalias Sync="TRUE">TOT_WC_PCT</attalias><attrtype Sync="TRUE">Double</attrtype><attwidth Sync="TRUE">19</attwidth><atprecis Sync="TRUE">0</atprecis><attscale Sync="TRUE">0</attscale></attr><attr><attrlabl Sync="TRUE">PLAY_FOR_B</attrlabl><attalias Sync="TRUE">PLAY_FOR_B</attalias><attrtype Sync="TRUE">Double</attrtype><attwidth Sync="TRUE">19</attwidth><atprecis Sync="TRUE">0</atprecis><attscale Sync="TRUE">0</attscale></attr><attr><attrlabl Sync="TRUE">PFB_NAT_PC</attrlabl><attalias Sync="TRUE">PFB_NAT_PC</attalias><attrtype Sync="TRUE">Double</attrtype><attwidth Sync="TRUE">19</attwidth><atprecis Sync="TRUE">0</atprecis><attscale Sync="TRUE">0</attscale></attr></detailed></eainfo><mdDateSt Sync="TRUE">20221214</mdDateSt></metadata>
